CASH_ADVANCE,BALANCE,CREDIT_LIMIT,PAYMENTS,Segmentación,Número de clientes por Segmentación,% Adelanto en efectivo respecto al pago con la tarjeta de crédito
456.0168071762315,781.1689968980004,2170.9497511209033,891.552736488708,0,5399,51.14860720098381
8455.838109205357,4934.554174035714,12486.160714285714,19864.790078696427,1,112,42.566964340960446
982.7917593201581,1748.2372492683794,6635.930051503165,2057.525562912648,2,2533,47.76571319623903
3164.4086097524864,5310.990141285083,11387.850326469623,3607.805955922652,3,905,87.71005559646923
