BALANCE,PURCHASES,CREDIT_LIMIT,PAYMENTS,Segmentación,Número de clientes por Segmentación
788.6242275523276,490.6225288640584,2163.2161183529083,867.0746977486033,0,5370
5047.509911416379,1954.1553402537484,11822.72727272781,3666.0816629665514,1,867
4608.794345717949,10800.515811965815,12637.606837606836,19254.744854358978,2,117
1869.633592926397,1304.8659922928705,6503.06475156185,2090.2271132728324,3,2595
